{"cameraMode":{"drawMode":0,"name":"Shaded","section":"Shading Mode"},"sceneLighting":true,"audioPlay":false,"sceneViewState":{"m_AlwaysRefresh":false,"showFog":true,"showSkybox":true,"showFlares":true,"showImageEffects":true,"showParticleSystems":true,"showVisualEffectGraphs":true,"m_FxEnabled":true},"in2DMode":false,"pivot":{"x":0.050424378365278247,"y":8.867271423339844,"z":-6.332432270050049},"rotation":{"x":0.1277959942817688,"y":-0.245896115899086,"z":0.03273851051926613,"w":0.9602606296539307},"size":1.2030224800109864,"orthographic":false}